Attribute,Unsociable,Sociable,Immoral,Moral,Dependent,Independent,Unable,Able
aberrant,False,False,True,False,False,False,False,False
abhorrent,False,False,True,False,False,False,False,False
abject,False,False,False,False,True,False,False,False
able,False,False,False,False,False,False,False,True
abnormal,False,False,True,False,False,False,False,False
abominable,False,False,True,False,False,False,False,False
about,False,False,False,False,False,True,False,False
abrasive,True,False,False,False,False,False,False,False
abstract,False,False,False,False,False,False,False,True
absurd,False,False,False,False,False,False,True,False
accessary,False,True,True,False,False,False,False,False
accessory,False,True,True,False,False,False,False,False
accommodating,False,True,False,False,False,False,False,False
accommodative,False,True,False,False,False,False,False,False
accomplished,False,False,False,False,False,False,False,True
accountable,False,False,False,True,False,False,False,False
accurate,False,False,False,False,False,False,False,True
ace,False,False,False,False,False,False,False,True
acid,True,False,False,False,False,False,False,False
acting,False,False,False,False,False,True,False,False
active,False,False,False,False,False,True,False,False
activist,False,False,False,False,False,True,False,False
actuated,False,False,False,False,False,True,False,False
adaptable,False,False,False,False,False,False,False,True
adept,False,False,False,False,False,False,False,True
adequate,False,False,False,False,False,False,False,True
adjunct,False,True,False,False,False,False,False,False
adjuvant,False,True,False,False,False,False,False,False
adoring,False,True,False,False,False,False,False,False
adrenergic,False,False,False,False,False,True,False,False
adroit,False,False,False,False,False,False,False,True
adventurous,False,False,False,False,False,True,False,False
advisable,False,False,False,False,False,False,False,True
advised,False,False,False,False,False,False,False,True
affable,False,True,False,False,False,False,False,False
affectional,False,True,False,False,False,False,False,False
affectionate,False,True,False,False,False,False,False,False
afflicted,False,False,False,False,False,False,True,False
afraid,False,False,False,False,True,False,False,False
aggressive,True,False,False,False,False,True,False,False
agile,False,False,False,False,False,False,False,True
agreeable,False,True,False,False,False,False,False,False
alert,False,False,False,False,False,True,False,False
alive,False,True,False,False,False,False,False,False
allegiant,False,False,False,True,False,False,False,False
alone,True,False,False,False,False,False,False,False
aloof,True,False,False,False,False,False,False,False
alternate,False,False,False,False,False,False,False,True
altruistic,False,False,False,True,False,False,False,False
amatory,False,True,False,False,False,False,False,False
ambidextrous,False,False,False,False,False,False,False,True
ambitious,False,False,False,False,False,True,False,False
amenable,False,False,False,True,False,False,False,False
amiable,False,True,False,False,False,False,False,False
amicable,False,True,False,False,False,False,False,False
amusing,False,True,False,False,False,False,False,False
analytic,False,False,False,False,False,False,False,True
angelic,False,False,False,True,False,False,False,False
annoying,True,False,False,False,False,False,False,False
answerable,False,False,False,True,False,False,False,False
antagonistic,False,False,True,False,False,False,False,False
antimonopoly,False,False,False,True,False,False,False,False
antipathetic,True,False,True,False,False,False,False,False
antiseptic,False,False,False,True,False,False,False,False
antisocial,True,False,False,False,False,False,False,False
anxious,False,False,False,False,True,False,False,False
apathetic,True,False,False,False,False,False,False,False
appealing,False,True,False,False,False,False,False,False
applicative,False,False,False,False,False,False,False,True
appraising,False,False,False,False,False,False,False,True
appreciative,False,False,False,False,False,False,False,True
approachable,False,True,False,False,False,False,False,False
apt,False,False,False,False,False,False,False,True
arduous,False,False,False,False,False,True,False,False
argumentative,True,False,False,False,False,False,False,False
arrogant,False,False,True,False,False,False,False,False
artful,False,False,True,False,False,False,False,False
artless,False,False,False,True,False,False,False,False
asinine,False,False,False,False,False,False,True,False
asocial,True,False,False,False,False,False,False,False
aspirant,False,False,False,False,False,True,False,False
assailable,False,False,False,False,True,False,False,False
assertive,False,False,False,False,False,True,False,False
assiduous,False,False,False,False,False,True,False,False
assistive,False,True,False,False,False,False,False,False
associate,False,True,False,False,False,False,False,False
assured,False,False,False,False,False,True,False,False
astir,False,False,False,False,False,True,False,False
astute,False,False,False,False,False,False,False,True
athletic,False,False,False,False,False,False,False,True
atrocious,False,False,True,False,False,False,False,False
attached,False,True,False,False,False,False,False,False
attempted,False,False,False,False,False,True,False,False
attentive,False,True,False,False,False,False,False,False
audacious,False,False,False,False,False,True,False,False
august,False,False,False,True,False,False,False,False
autarkic,False,False,False,False,False,True,False,False
authentic,False,False,False,True,False,False,False,False
authoritarian,False,False,True,False,False,True,False,False
autocratic,False,False,False,False,False,True,False,False
autonomous,False,False,False,False,False,True,False,False
auxiliary,False,True,False,False,False,False,False,False
avaricious,False,False,True,False,False,False,False,False
aware,False,False,False,False,False,True,False,False
awful,False,False,True,False,False,False,False,False
awkward,True,False,False,False,False,False,True,False
back,False,True,False,False,False,False,False,False
backward,False,False,False,False,False,False,True,False
bad,False,False,True,False,False,False,False,False
baleful,False,False,True,False,False,False,False,False
ball-hawking,False,False,False,False,False,False,False,True
baneful,False,False,True,False,False,False,False,False
bantering,False,True,False,False,False,False,False,False
barbarous,False,False,True,False,False,False,False,False
base,False,False,True,False,False,False,False,False
bashful,True,False,False,False,False,False,False,False
beastly,True,False,True,False,False,False,False,False
beatific,False,False,False,True,False,False,False,False
beguiling,False,False,True,False,False,False,False,False
belligerent,False,False,True,False,False,True,False,False
benefic,False,False,False,True,False,False,False,False
beneficent,False,False,False,True,False,False,False,False
benevolent,False,False,False,True,False,False,False,False
benign,False,False,False,True,False,False,False,False
best,False,False,False,True,False,False,False,False
best-selling,False,True,False,False,False,False,False,False
better,False,False,False,True,False,False,False,False
bias,False,False,True,False,False,False,False,False
big,False,False,False,True,False,False,False,False
bigamous,False,False,True,False,False,False,False,False
bigoted,False,False,True,False,False,False,False,False
bitchy,True,False,True,False,False,False,False,False
bitter,True,False,False,False,False,False,False,False
blasphemous,False,False,True,False,False,False,False,False
blind,False,False,False,False,False,False,True,False
blistering,True,False,False,False,False,False,False,False
blockheaded,False,False,False,False,False,False,True,False
bloodsucking,False,False,False,False,True,False,False,False
bloody,False,False,True,False,False,False,False,False
bluff,False,False,True,False,False,False,False,False
blunt,False,False,False,False,False,True,False,False
blustery,False,False,False,False,False,True,False,False
bogus,False,False,True,False,False,False,False,False
boisterous,True,False,False,False,False,False,False,False
bold,False,False,False,False,False,True,False,False
bootleg,False,False,True,False,False,False,False,False
bootlicking,False,False,True,False,False,False,False,False
boring,True,False,False,False,False,False,False,False
bountiful,False,False,False,True,False,False,False,False
bowed,False,False,False,False,True,False,False,False
brainless,False,False,False,False,False,False,True,False
brainy,False,False,False,False,False,False,False,True
bratty,True,False,False,False,False,False,False,False
brave,False,False,False,False,False,True,False,False
brazen,False,False,False,False,False,True,False,False
breakaway,False,False,False,False,False,True,False,False
bright,False,False,False,False,False,False,False,True
brilliant,False,False,False,False,False,False,False,True
brisk,False,False,False,False,False,True,False,False
broad-minded,False,False,False,False,False,False,False,True
brutal,False,False,True,False,False,False,False,False
buffoonish,False,True,False,False,False,False,False,False
bum,False,False,False,False,True,False,False,False
bumbling,False,False,False,False,False,False,True,False
bungled,False,False,True,False,False,False,False,False
bungling,False,False,True,False,False,False,True,False
burlesque,False,True,False,False,False,False,False,False
buttery,False,False,True,False,False,False,False,False
cagey,False,False,False,False,True,False,False,False
calculating,False,False,True,False,False,False,False,False
callous,True,False,False,False,False,False,False,False
candid,False,True,False,True,False,False,False,False
cantankerous,True,False,False,False,False,False,False,False
canty,False,False,False,False,False,True,False,False
capable,False,False,False,False,False,False,False,True
captivated,False,True,False,False,False,False,False,False
carefree,False,True,False,False,False,False,False,False
careful,False,False,False,False,False,True,False,False
careless,True,False,False,False,True,False,False,False
caring,False,True,False,True,False,False,False,False
causeless,False,False,False,False,True,False,False,False
caustic,True,False,False,False,False,False,False,False
cautious,False,False,False,False,True,False,False,False
cavalier,False,False,True,False,False,False,False,False
ceaseless,False,False,False,False,False,True,False,False
cerebral,False,False,False,False,False,False,False,True
certain,False,False,False,False,False,True,False,False
champion,False,False,False,False,False,False,False,True
charitable,False,False,False,True,False,False,False,False
charming,False,True,False,False,False,False,False,False
chaste,False,False,False,True,False,False,False,False
cheap,False,False,True,False,False,False,False,False
cheating,False,False,True,False,False,False,False,False
cheerful,False,True,False,False,False,False,False,False
cheery,False,True,False,False,False,False,False,False
childlike,False,False,False,False,False,False,True,False
chilly,True,False,False,False,False,False,False,False
chummy,False,True,False,False,False,False,False,False
churlish,True,False,False,False,False,False,False,False
civil,False,True,False,False,False,False,False,False
civilized,False,False,False,False,False,False,False,True
clannish,False,False,True,False,False,False,False,False
clean,False,False,False,True,False,False,False,False
clement,False,False,False,True,False,False,False,False
clever,False,False,False,False,False,False,False,True
cloddish,False,False,False,False,False,False,True,False
close,False,True,False,False,False,False,False,False
clubbable,False,True,False,False,False,False,False,False
clubbish,False,True,False,False,False,False,False,False
clueless,False,False,False,False,False,False,True,False
clunky,False,False,False,False,False,False,True,False
cocksure,False,False,False,False,False,True,False,False
cocky,False,False,False,False,False,True,False,False
coherent,False,False,False,False,False,False,False,True
cold,True,False,False,False,False,False,False,False
coldhearted,False,False,True,False,False,False,False,False
collaborative,False,True,False,False,False,False,False,False
collateral,False,True,False,False,False,False,False,False
comic,False,True,False,False,False,False,False,False
commanding,False,False,False,False,False,True,False,False
committed,False,False,False,True,False,True,False,False
communal,False,True,False,False,False,False,False,False
commutative,False,False,False,False,False,True,False,False
companionable,False,True,False,False,False,False,False,False
companionate,False,True,False,False,False,False,False,False
compassionate,False,False,False,True,False,False,False,False
compelling,False,False,False,False,False,False,False,True
competent,False,False,False,False,False,False,False,True
competitive,False,False,False,False,False,False,False,True
complaisant,False,False,False,False,True,False,False,False
complete,False,False,False,False,False,False,False,True
compromising,False,False,False,False,True,False,False,False
compulsive,False,False,False,False,False,True,False,False
comradely,False,True,False,False,False,False,False,False
conceited,True,False,False,False,False,False,False,False
concrete,False,False,False,False,False,False,False,True
condemnable,False,False,True,False,False,False,False,False
confederate,False,False,True,False,False,False,False,False
confident,False,False,False,False,False,True,False,False
conformist,False,False,False,False,True,False,False,False
confounding,True,False,False,False,False,False,False,False
confused,False,False,False,False,False,False,True,False
congenial,False,True,False,False,False,False,False,False
conquerable,False,False,False,False,True,False,False,False
conscienceless,False,False,True,False,False,False,False,False
conscientious,False,False,False,True,False,True,False,False
consecutive,False,False,False,False,False,True,False,False
considerate,False,True,False,True,False,False,False,False
consistent,False,False,False,False,False,False,False,True
conspiratorial,False,False,True,False,False,False,False,False
constant,False,False,False,False,False,True,False,False
consummate,False,False,False,False,False,False,False,True
consumptive,False,False,True,False,False,False,False,False
contemptuous,False,False,True,False,False,False,False,False
continual,False,False,False,False,False,True,False,False
continuous,False,False,False,False,False,True,False,False
contradictory,True,False,False,False,False,False,False,False
controlled,False,False,False,False,True,False,False,False
controlling,False,False,False,False,False,True,False,False
convinced,False,False,False,False,False,True,False,False
convivial,False,True,False,False,False,False,False,False
convolute,False,False,True,False,False,False,False,False
cooperative,False,True,False,True,False,False,False,False
cordial,False,True,False,False,False,False,False,False
corked,False,False,True,False,False,False,False,False
correct,False,False,False,True,False,False,False,False
corrupt,False,False,True,False,False,False,False,False
corrupted,False,False,True,False,False,False,False,False
corruptible,False,False,True,False,False,False,False,False
corruptive,False,False,True,False,False,False,False,False
counterfeit,False,False,True,False,False,False,False,False
courteous,False,True,False,False,False,False,False,False
covetous,False,False,True,False,False,False,False,False
cowardly,False,False,False,False,True,False,False,False
coy,True,False,False,False,False,False,False,False
cozy,False,True,False,False,False,False,False,False
crabbed,True,False,False,False,False,False,False,False
crafty,False,False,True,False,False,False,False,False
cranky,True,False,False,False,False,False,False,False
crass,True,False,False,False,False,False,False,False
creative,False,False,False,False,False,False,False,True
creditworthy,False,False,False,True,False,False,False,False
credulous,False,False,False,False,False,False,True,False
criminal,False,False,True,False,False,False,False,False
cringing,False,False,False,False,True,False,False,False
critical,True,False,False,False,False,False,False,True
crooked,False,False,True,False,False,False,False,False
cruddy,False,False,True,False,False,False,False,False
crude,False,False,False,False,False,False,True,False
crusty,True,False,False,False,False,False,False,False
cumbersome,False,False,False,False,False,False,True,False
cunning,False,False,True,False,False,False,False,True
curious,False,False,False,False,False,False,False,True
cutthroat,False,False,True,False,False,False,False,False
cutting,False,False,True,False,False,False,False,False
dangerous,False,False,True,False,False,False,False,False
daredevil,False,False,False,False,False,True,False,False
dark,False,False,True,False,False,False,False,False
dazed,False,False,False,False,False,False,True,False
dead,True,False,False,False,False,False,False,False
dear,False,True,False,False,False,False,False,False
debased,False,False,True,False,False,False,False,False
debauched,False,False,True,False,False,False,False,False
decadent,False,False,True,False,False,False,False,False
deceitful,False,False,True,False,False,False,False,False
decent,False,False,False,True,False,False,False,False
deceptive,False,False,True,False,False,False,False,False
decisive,False,False,False,False,False,True,False,False
dedicated,False,False,False,False,False,True,False,False
defenseless,False,False,False,False,True,False,False,False
delinquent,False,False,True,False,False,False,False,False
demonic,False,False,True,False,False,False,False,False
dense,False,False,False,False,False,False,True,False
dependable,False,False,False,True,False,False,False,False
dependent,False,False,False,False,True,False,False,False
deplorable,False,False,True,False,False,False,False,False
depraved,False,False,True,False,False,False,False,False
derelict,False,False,False,False,False,False,True,False
desk-bound,False,False,False,False,True,False,False,False
desolate,False,False,True,False,False,False,False,False
despicable,False,False,True,False,False,False,False,False
destructive,False,False,True,False,False,False,False,False
detached,True,False,False,False,False,False,False,False
determined,False,False,False,False,False,True,False,False
devilish,False,False,True,False,False,False,False,False
devious,False,False,True,False,False,False,False,False
devoted,False,False,False,False,False,True,False,False
dictatorial,False,False,True,False,False,True,False,False
difficult,True,False,False,False,False,False,False,False
diffident,True,False,False,False,True,False,False,False
diligent,False,False,False,False,False,True,False,False
dim,False,False,False,False,False,False,True,False
direct,False,False,False,False,False,True,False,False
dirty,False,False,True,False,False,False,False,False
disabled,False,False,False,False,False,False,True,False
disagreeable,True,False,False,False,False,False,False,False
discerning,False,False,False,False,False,False,False,True
discouraging,True,False,False,False,False,False,False,False
discourteous,True,False,False,False,False,False,False,False
discriminate,False,False,True,False,False,False,False,True
discriminating,False,False,False,False,False,False,False,True
discriminative,False,False,False,False,False,False,False,True
discriminatory,False,False,True,False,False,False,False,True
disdainful,False,False,True,False,False,False,False,False
disgraceful,False,False,True,False,False,False,False,False
dishonest,False,False,True,False,False,False,False,False
dishonorable,False,False,True,False,False,False,False,False
disingenuous,False,False,True,False,False,False,False,False
dislikable,True,False,False,False,False,False,False,False
disliked,True,False,False,False,False,False,False,False
disloyal,False,False,True,False,False,False,False,False
disobedient,False,False,True,False,False,False,False,False
displeasing,True,False,False,False,False,False,False,False
disreputable,False,False,True,False,False,False,False,False
disrespectful,True,False,True,False,False,False,False,False
dissipated,False,False,True,False,False,False,False,False
distant,True,False,False,False,False,False,False,False
distressing,False,False,True,False,False,False,False,False
distrustful,True,False,False,False,False,False,False,False
doglike,False,False,False,True,False,False,False,False
dominant,False,False,False,False,False,True,False,False
dominated,False,False,False,False,True,False,False,False
domineering,True,False,True,False,False,True,False,False
dormant,False,False,False,False,True,False,False,False
double,False,False,True,False,False,False,False,False
doubtful,False,False,False,False,True,False,False,False
doubting,False,False,False,False,True,False,False,False
dour,True,False,False,False,False,False,False,False
downright,False,False,False,True,False,False,False,False
dreadful,True,False,True,False,False,False,False,False
dreamy,False,False,False,False,True,False,False,False
driven,False,False,False,False,False,True,False,False
driving,False,False,False,False,False,True,False,False
droll,False,True,False,False,False,False,False,False
dry,True,False,False,False,False,False,False,False
dull,True,False,False,False,False,False,True,False
dumb,False,False,False,False,False,False,True,False
duplicate,False,False,True,False,False,False,False,False
dutiful,False,False,False,True,False,False,False,False
dynamic,False,False,False,False,False,True,False,False
dyspeptic,True,False,False,False,False,False,False,False
earnest,False,False,False,True,False,False,False,False
easy,False,False,True,False,False,False,False,False
easygoing,False,True,False,False,False,False,False,False
eclectic,False,False,False,False,False,False,False,True
edged,False,False,True,False,False,False,False,False
educated,False,False,False,False,False,False,False,True
effective,False,False,False,False,False,False,False,True
efficacious,False,False,False,False,False,False,False,True
efficient,False,False,False,False,False,False,False,True
effortful,False,False,False,False,False,True,False,False
egoistic,False,False,True,False,False,False,False,False
egotistic,False,False,True,False,False,False,False,False
eloquent,False,False,False,False,False,False,False,True
embarrassing,True,False,False,False,False,False,False,False
emboldened,False,False,False,False,False,True,False,False
empathic,False,True,False,False,False,False,False,False
emphatic,False,False,False,False,False,True,False,False
empty,False,False,True,False,False,False,False,False
enamored,False,True,False,False,False,False,False,False
endangered,False,False,True,False,False,False,False,False
endless,False,False,False,False,False,True,False,False
energetic,False,False,False,False,False,True,False,False
enjoyable,False,True,False,False,False,False,False,False
enlightened,False,False,False,False,False,False,False,True
enterprising,False,False,False,False,False,True,False,False
entertaining,False,True,False,False,False,False,False,False
epicurean,False,False,False,True,False,False,False,False
equable,False,False,False,True,False,False,False,False
equitable,False,False,False,True,False,False,False,False
erudite,False,False,False,False,False,False,False,True
estimable,False,False,False,True,False,False,False,False
ethical,False,False,False,True,False,False,False,False
evasive,True,False,False,False,False,False,False,False
evil,False,False,True,False,False,False,False,False
exclusive,False,False,True,False,False,False,False,False
experienced,False,False,False,False,False,False,False,True
exploitative,False,False,True,False,False,True,False,False
expressive,False,True,False,False,False,False,False,False
extrovert,False,True,False,False,False,False,False,False
extroverted,False,True,False,False,False,False,False,False
fabian,False,False,False,False,True,False,False,False
facilitative,False,True,False,False,False,False,False,False
facilitatory,False,True,False,False,False,False,False,False
fair,False,False,False,True,False,False,False,False
fair-minded,False,False,False,True,False,False,False,False
faithful,False,False,False,True,False,False,False,False
fake,False,False,True,False,False,False,False,False
fallacious,False,False,True,False,False,False,False,False
fanciful,False,False,False,False,False,False,False,True
fancy,False,False,False,False,False,False,False,True
farcical,False,True,False,False,False,False,False,False
fashionable,False,False,False,False,False,False,False,True
fast,False,False,False,False,False,False,False,True
fastidious,False,False,False,False,False,True,False,False
favorite,False,True,False,False,False,False,False,False
fearful,False,False,False,False,True,False,False,False
feckless,False,False,True,False,False,False,True,False
feigned,False,False,True,False,False,False,False,False
feisty,False,True,False,False,False,False,False,False
ferocious,False,False,False,False,False,True,False,False
fictive,False,False,True,False,False,False,False,True
fiducial,False,False,False,True,False,False,False,False
fierce,False,False,False,False,False,True,False,False
fiery,False,False,False,False,False,True,False,False
filthy,True,False,True,False,False,False,False,False
firm,False,False,False,False,False,True,False,False
fissiparous,False,False,False,False,False,True,False,False
fit,False,False,False,False,False,False,False,True
flaccid,False,False,False,False,False,False,True,False
flagellate,False,False,True,False,False,False,False,False
flagitious,False,False,True,False,False,False,False,False
flamboyant,False,False,False,False,False,True,False,False
flinty,False,False,True,False,False,False,False,False
fond,False,True,False,False,False,False,False,False
foolhardy,False,False,False,False,False,False,True,False
foolish,False,False,False,False,False,False,True,False
forceful,False,False,False,False,False,True,False,False
forgetful,False,False,False,False,False,False,True,False
forgiving,False,False,False,True,False,False,False,False
formal,False,False,False,False,False,False,False,True
forte,False,False,False,False,False,False,False,True
forthcoming,False,True,False,False,False,False,False,False
forward,False,False,False,False,False,True,False,False
foster,False,True,False,False,False,False,False,False
foul,False,False,True,False,False,False,False,False
fragile,False,False,False,False,True,False,False,False
free,False,False,False,False,False,True,False,False
freewheeling,False,False,True,False,False,False,False,False
freewill,False,False,False,False,False,True,False,False
friendless,True,False,False,False,False,False,False,False
friendly,False,True,False,False,False,False,False,False
frightful,False,False,False,False,True,False,False,False
frigid,True,False,False,False,False,False,False,False
frosty,True,False,False,False,False,False,False,False
frozen,True,False,False,False,False,False,False,False
functional,False,False,False,False,False,False,False,True
funny,False,True,False,False,False,False,False,False
further,False,True,False,False,False,False,False,False
gamey,False,False,False,False,False,True,False,False
gawky,False,False,False,False,False,False,True,False
generous,False,False,False,True,False,False,False,False
genial,False,True,False,False,False,False,False,False
gentle,False,True,False,False,False,False,False,False
genuine,False,False,False,True,False,False,False,False
gilded,False,False,True,False,False,False,False,False
gingerly,False,False,False,False,True,False,False,False
glacial,True,False,False,False,False,False,False,False
good,False,False,False,True,False,False,False,True
good-natured,False,True,False,True,False,False,False,False
governing,False,False,False,False,False,True,False,False
graceless,False,False,False,False,False,False,True,False
gracious,False,True,False,True,False,False,False,False
grand,False,False,False,True,False,False,False,False
granitic,False,False,True,False,False,False,False,False
great,False,False,False,True,False,False,False,False
greedy,False,False,True,False,False,False,False,False
green,False,False,False,False,False,False,True,False
gregarious,False,True,False,False,False,False,False,False
grievous,False,False,True,False,False,False,False,False
grim,True,False,False,False,False,False,False,False
grotty,True,False,False,False,False,False,False,False
grudging,False,False,True,False,False,False,False,False
gruff,True,False,False,False,False,False,False,False
guileless,False,False,False,True,False,False,False,False
guilty,False,False,True,False,False,False,False,False
gullible,False,False,False,False,False,False,True,False
gutsy,False,False,False,False,False,True,False,False
handless,False,False,False,False,False,False,True,False
hands-on,False,False,False,False,False,True,False,False
hardhearted,False,False,True,False,False,False,False,False
hardworking,False,False,False,False,False,True,False,False
hardy,False,False,False,False,False,True,False,False
harebrained,False,False,False,False,False,False,True,False
harmful,False,False,True,False,False,False,False,False
harsh,True,False,True,False,False,False,False,False
hateful,True,False,True,False,False,False,False,False
headless,False,False,False,False,False,False,True,False
head-on,False,False,True,False,False,False,False,False
heady,False,False,False,False,False,False,False,True
hearing,False,False,False,False,False,False,False,True
heartless,False,False,True,False,False,False,False,False
hearty,False,True,False,True,False,False,False,False
helpful,False,True,False,True,False,False,False,False
helpless,False,False,False,False,True,False,False,False
hesitant,False,False,False,False,True,False,False,False
hilarious,False,True,False,False,False,False,False,False
hollow,False,False,True,False,False,False,False,False
homicidal,False,False,True,False,False,False,False,False
homophobic,False,False,True,False,False,False,False,False
honest,False,False,False,True,False,False,False,False
honorable,False,False,False,True,False,False,False,False
hopeless,False,False,False,False,True,False,False,False
horrid,False,False,True,False,False,False,False,False
hospitable,False,True,False,False,False,False,False,False
hostile,True,False,True,False,False,False,False,False
hotheaded,False,False,False,False,False,True,False,False
humane,False,False,False,True,False,False,False,False
humanitarian,False,False,False,True,False,False,False,False
humble,False,False,False,True,False,False,False,False
humorous,False,True,False,False,False,False,False,False
hurt,False,False,True,False,False,False,False,False
hurtful,False,False,True,False,False,False,False,False
hyperactive,False,False,False,False,False,True,False,False
hypoactive,False,False,False,False,True,False,False,False
hypocritical,False,False,True,False,False,False,False,False
icky,False,False,True,False,False,False,False,False
icy,True,False,False,False,False,False,False,False
idle,False,False,True,False,True,False,False,False
idolatrous,False,True,False,False,False,False,False,False
ignoble,False,False,True,False,False,False,False,False
ignorant,False,False,False,False,False,False,True,False
illegal,False,False,True,False,False,False,False,False
illegitimate,False,False,True,False,False,False,False,False
illicit,False,False,True,False,False,False,False,False
illiterate,False,False,False,False,False,False,True,False
illogical,False,False,False,False,False,False,True,False
illusional,False,False,True,False,False,False,False,False
imaginative,False,False,False,False,False,False,False,True
imbecile,False,False,False,False,False,False,True,False
imitative,False,False,True,False,False,False,False,False
immature,False,False,False,False,False,False,True,False
immoral,False,False,True,False,False,False,False,False
impaired,False,False,True,False,False,False,True,False
impartial,False,False,False,True,False,False,False,False
impeccable,False,False,False,True,False,False,False,False
imperative,False,False,False,False,False,True,False,False
impetuous,False,False,False,False,False,True,False,False
impious,False,False,True,False,False,False,False,False
implacable,False,False,True,False,False,False,False,False
impolite,True,False,False,False,False,False,False,False
impolitic,False,False,False,False,False,False,True,False
impractical,False,False,False,False,False,False,True,False
imprecise,False,False,False,False,False,False,True,False
improper,False,False,True,False,False,False,False,False
imprudent,False,False,False,False,False,False,True,False
impulsive,False,False,False,False,False,True,False,False
inactive,False,False,False,False,True,False,False,False
inadequate,False,False,False,False,False,False,True,False
inadvisable,False,False,False,False,False,False,True,False
inattentive,False,False,False,False,False,False,True,False
incapable,False,False,False,False,False,False,True,False
incautious,False,False,False,False,True,False,False,False
incendiary,False,False,True,False,False,False,False,False
inclement,False,False,True,False,False,False,False,False
incoherent,False,False,False,False,False,False,True,False
incompatible,True,False,False,False,False,False,False,False
incompetent,False,False,False,False,False,False,True,False
inconsiderate,True,False,True,False,False,False,False,False
inconstant,False,False,True,False,False,False,False,False
incorrupt,False,False,False,True,False,False,False,False
incorruptible,False,False,False,True,False,False,False,False
indecent,False,False,True,False,False,False,False,False
indecisive,False,False,False,False,True,False,False,False
indecorous,False,False,True,False,False,False,False,False
indefatigable,False,False,False,False,False,True,False,False
indefensible,False,False,False,False,True,False,False,False
independent,False,False,False,False,False,True,False,False
individual,False,False,False,False,False,True,False,False
indolent,False,False,True,False,True,False,False,False
indulgent,False,False,False,True,False,False,False,False
ineffective,False,False,False,False,False,False,True,False
inefficient,False,False,False,False,False,False,True,False
inept,False,False,False,False,False,False,True,False
inequitable,False,False,True,False,False,False,False,False
inert,False,False,False,False,True,False,False,False
inexperienced,False,False,False,False,False,False,True,False
infelicitous,False,False,False,False,False,False,True,False
infernal,False,False,True,False,False,False,False,False
inflammatory,False,False,True,False,False,False,False,False
inflexible,False,False,False,False,False,False,True,False
informal,False,True,False,False,False,False,False,False
informed,False,False,False,False,False,False,False,True
ingenuous,False,True,False,True,False,False,True,False
inhospitable,True,False,False,False,False,False,False,False
inhuman,False,False,True,False,False,False,False,False
inhumane,False,False,True,False,False,False,False,False
iniquitous,False,False,True,False,False,False,False,False
innocent,False,False,False,True,False,False,True,False
innumerate,False,False,False,False,False,False,True,False
inquisitive,False,False,False,False,False,False,False,True
insecure,False,False,False,False,True,False,False,False
insensible,True,False,False,False,False,False,False,False
insensitive,True,False,False,False,False,False,False,False
insightful,False,False,False,False,False,False,False,True
insincere,False,False,True,False,False,False,False,False
instinct,False,False,False,False,False,False,False,True
instrumental,False,True,False,False,False,False,False,False
insurgent,False,False,True,False,False,False,False,False
intellectual,False,False,False,False,False,False,False,True
intelligent,False,False,False,False,False,False,False,True
intemperate,False,False,True,False,False,False,False,False
intended,False,False,False,False,False,True,False,False
interdependent,False,False,False,False,True,False,False,False
interesting,False,True,False,False,False,False,False,False
interoperable,False,False,False,False,False,False,False,True
interpersonal,False,True,False,False,False,False,False,False
intimate,False,True,False,False,False,False,False,False
intimidated,True,False,False,False,True,False,False,False
intolerant,False,False,True,False,False,False,False,False
intuitive,False,False,False,False,False,False,True,False
invulnerable,False,False,False,False,False,True,False,False
ironic,False,True,False,False,False,False,False,False
irrational,False,False,False,False,False,False,True,False
irredeemable,False,False,True,False,False,False,False,False
irresolute,False,False,False,False,True,False,False,False
irresponsible,False,False,True,False,False,False,False,False
irreverent,True,False,True,False,False,False,False,False
irritable,True,False,False,False,False,False,False,False
jade,False,False,True,False,False,False,False,False
jaundiced,False,False,True,False,False,False,False,False
jealous,False,False,True,False,False,False,False,False
jesting,False,True,False,False,False,False,False,False
judgmental,True,False,False,False,False,False,False,False
judicial,False,False,False,False,False,False,False,True
judicious,False,False,False,False,False,False,False,True
just,False,False,False,True,False,False,False,False
keen,False,False,False,False,False,False,False,True
killing,False,False,True,False,False,False,False,False
kind,False,True,False,True,False,False,False,False
kindhearted,False,False,False,True,False,False,False,False
kindly,False,True,False,True,False,False,False,False
knowing,False,False,False,False,False,False,False,True
knowledgeable,False,False,False,False,False,False,False,True
lackadaisical,False,False,False,False,True,False,False,False
law-abiding,False,False,False,True,False,False,False,False
lawful,False,False,False,True,False,False,False,False
lawless,False,False,True,False,False,False,False,False
lazy,False,False,False,False,True,False,False,False
leal,False,False,False,True,False,False,False,False
lecherous,False,False,True,False,False,False,False,False
legal,False,False,False,True,False,False,False,False
lenient,False,False,False,True,False,False,False,False
lethargic,False,False,False,False,True,False,False,False
liable,False,False,False,True,False,False,False,False
licentious,False,False,True,False,False,False,False,False
liege,False,False,False,True,False,False,False,False
light,False,False,False,True,False,False,False,False
likable,False,True,False,False,False,False,False,False
like,False,True,False,False,False,False,False,False
liked,False,True,False,False,False,False,False,False
limited,False,False,False,False,True,False,False,False
limp,False,False,False,False,True,False,False,False
listless,False,False,False,False,True,False,False,False
literate,False,False,False,False,False,False,False,True
lively,False,False,False,False,False,True,False,False
loaded,False,False,True,False,False,False,False,False
logical,False,False,False,False,False,False,False,True
lone,True,False,False,False,False,False,False,False
lonely,True,False,False,False,False,False,False,False
loose,False,False,True,False,False,False,False,False
lousy,True,False,True,False,False,False,False,False
lovable,False,True,False,False,False,False,False,False
lovely,False,True,False,False,False,False,False,False
loving,False,True,False,False,False,False,False,False
loyal,False,False,False,True,False,False,False,False
lucid,False,False,False,False,False,False,False,True
lumpish,False,False,False,False,False,False,True,False
lurid,False,False,True,False,False,False,False,False
lustful,False,False,True,False,False,False,False,False
maladroit,False,False,False,False,False,False,True,False
malefic,False,False,True,False,False,False,False,False
maleficent,False,False,True,False,False,False,False,False
malevolent,False,False,True,False,False,False,False,False
malicious,False,False,True,False,False,False,False,False
malign,False,False,True,False,False,False,False,False
manipulative,False,False,True,False,False,False,False,False
mannerly,False,True,False,False,False,False,False,False
manque,False,False,False,False,False,True,False,False
maroon,False,False,True,False,False,False,False,False
mathematical,False,False,False,False,False,False,False,True
mature,False,False,False,False,False,False,False,True
mean,True,False,False,False,False,False,False,False
mediocre,False,False,False,False,False,False,True,False
meek,False,False,False,False,True,False,False,False
melancholy,True,False,False,False,False,False,False,False
mendacious,False,False,True,False,False,False,False,False
merciful,False,False,False,True,False,False,False,False
merciless,False,False,True,False,False,False,False,False
meretricious,False,False,True,False,False,False,False,False
messy,False,False,False,False,False,False,True,False
meticulous,False,False,False,False,False,True,False,False
mindless,False,False,False,False,False,False,True,False
misanthropic,False,False,True,False,False,False,False,False
mischievous,False,False,True,False,False,False,False,False
misguided,False,False,True,False,False,False,True,False
misogynous,False,False,True,False,False,False,False,False
modest,False,False,False,True,False,False,False,False
monstrous,False,False,True,False,False,False,False,False
moody,True,False,False,False,False,False,False,False
moral,False,False,False,True,False,False,False,False
moronic,False,False,False,False,False,False,True,False
mortal,False,False,True,False,False,False,False,False
motivated,False,False,False,False,False,True,False,False
motiveless,False,False,False,False,True,False,False,False
mousy,True,False,False,False,False,False,False,False
mutinous,False,False,True,False,False,False,False,False
naive,False,False,False,False,False,False,True,False
nasty,True,False,True,False,False,False,False,False
natural,False,False,False,False,False,False,False,True
naughty,False,False,True,False,False,False,False,False
neat,False,False,False,False,False,False,False,True
nefarious,False,False,True,False,False,False,False,False
negative,True,False,True,False,False,False,False,False
negligent,False,False,True,False,False,False,True,False
neighborly,False,True,False,False,False,False,False,False
nervous,False,False,False,False,True,False,False,False
nervy,True,False,False,False,False,False,False,False
nice,False,True,False,False,False,False,False,False
noble,False,False,False,True,False,False,False,False
noncompetitive,False,False,False,False,False,False,True,False
nonconformist,False,False,False,False,False,True,False,False
noncritical,False,False,False,False,False,False,True,False
nonrational,False,False,False,False,False,False,True,False
nonstop,False,False,False,False,False,True,False,False
nonviolent,False,False,False,True,True,False,False,False
notional,False,False,False,False,False,False,False,True
numb,True,False,False,False,False,False,False,False
numerate,False,False,False,False,False,False,False,True
numerical,False,False,False,False,False,False,False,True
nurturant,False,False,False,True,False,False,False,False
obedient,False,False,False,False,True,False,False,False
obligated,False,False,False,True,False,False,False,False
oblique,False,False,True,False,False,False,False,False
obscene,False,False,True,False,False,False,False,False
obsequious,False,False,True,False,False,False,False,False
obtuse,False,False,False,False,False,False,True,False
off,False,False,True,False,False,False,False,False
offensive,False,False,True,False,False,False,False,False
oily,False,False,True,False,False,False,False,False
open,False,True,False,False,False,False,False,False
openhearted,False,True,False,True,False,False,False,False
opening,False,True,False,False,False,False,False,False
open-minded,False,False,False,False,False,False,False,True
operable,False,False,False,False,False,False,False,True
opponent,False,False,True,False,False,False,False,False
opportunist,False,False,True,False,False,False,False,False
oppressive,False,False,False,False,False,True,False,False
ordered,False,False,False,False,False,False,False,True
orderly,False,False,False,False,False,False,False,True
organized,False,False,False,False,False,False,False,True
original,False,False,False,False,False,False,False,True
otiose,False,False,True,False,True,False,False,False
outgoing,False,True,False,False,False,False,False,False
outspoken,False,False,False,True,False,False,False,False
overambitious,False,False,False,False,False,True,False,False
overanxious,False,False,False,False,True,False,False,False
overcautious,False,False,False,False,True,False,False,False
overriding,False,False,False,False,False,True,False,False
oversensitive,False,True,False,False,False,False,False,False
owlish,False,False,False,False,False,False,False,True
pacific,False,False,False,True,False,False,False,False
pacifist,False,False,False,True,False,False,False,False
painful,True,False,False,False,False,False,False,False
parasitic,False,False,False,False,True,False,False,False
parsimonious,False,False,True,False,False,False,False,True
partial,False,False,True,False,False,False,False,False
passionate,False,False,False,False,False,True,False,False
passionless,False,False,False,False,True,False,False,False
passive,False,False,False,False,True,False,False,False
patient,False,False,False,False,True,False,False,False
patriotic,False,False,False,True,False,False,False,False
peaceable,False,False,False,True,True,False,False,False
peaceful,False,False,False,True,True,False,False,False
peckish,True,False,False,False,False,False,False,False
penetrable,False,False,False,False,True,False,False,False
perceptive,False,False,False,False,False,False,False,True
permissive,False,False,False,True,False,False,False,False
persistent,False,False,False,False,False,True,False,False
personable,False,True,False,False,False,False,False,False
perspicacious,False,False,False,False,False,False,False,True
persuasive,False,False,False,False,False,False,False,True
perverse,False,False,True,False,False,False,False,False
petty,False,False,True,False,False,False,False,False
philanthropic,False,False,False,True,False,False,False,False
physical,False,False,False,False,False,True,False,False
picaresque,False,False,True,False,False,False,False,False
pious,False,False,False,True,False,False,False,False
piratical,False,False,True,False,False,False,False,False
pitiless,False,False,True,False,False,False,False,False
placid,False,False,False,True,False,False,False,False
plagiaristic,False,False,True,False,False,False,False,False
plainspoken,False,False,False,True,False,False,False,False
pleasant,False,True,False,False,False,False,False,False
pleasing,False,True,False,False,False,False,False,False
point-blank,False,False,False,True,False,False,False,False
poisonous,False,False,True,False,False,False,False,False
polished,False,False,False,False,False,False,False,True
polite,False,True,False,False,False,False,False,False
popular,False,True,False,False,False,False,False,False
positive,False,True,False,False,False,True,False,False
possessive,False,False,False,False,False,True,False,False
possible,False,False,False,False,False,False,False,True
powerless,False,False,False,False,True,False,False,False
practical,False,False,False,False,False,False,False,True
practiced,False,False,False,False,False,False,False,True
pragmatic,False,False,False,False,False,False,False,True
precise,False,False,False,False,False,True,False,False
precocious,False,False,False,False,False,False,False,True
prehensile,False,False,True,False,False,False,False,True
prejudiced,False,False,True,False,False,False,False,False
prejudicial,False,False,True,False,False,False,False,False
present,False,False,False,True,False,False,False,False
pretentious,True,False,False,False,False,False,False,False
primitive,False,False,False,False,False,False,True,False
principled,False,False,False,True,False,False,False,False
proactive,False,False,False,False,False,True,False,False
productive,False,False,False,False,False,False,False,True
profane,False,False,True,False,False,False,False,False
promiscuous,False,False,True,False,False,False,False,False
proper,False,False,False,True,False,False,False,False
protective,False,True,False,False,False,False,False,False
provident,False,False,False,True,False,False,False,False
prudent,False,False,False,True,False,False,False,True
prudential,False,False,False,True,False,False,False,False
pseudo,False,False,True,False,False,False,False,False
pugnacious,True,False,False,False,False,False,False,False
punic,False,False,True,False,False,False,False,False
purchasable,False,False,True,False,False,False,False,False
pure,False,False,False,True,False,False,False,False
putrid,False,False,True,False,False,False,False,False
quack,False,False,True,False,False,False,False,False
qualified,False,False,False,False,False,False,False,True
quarrelsome,True,False,False,False,False,False,False,False
quick,False,False,False,False,False,False,False,True
quiet,True,False,False,False,True,False,False,False
racial,False,False,True,False,False,False,False,False
racist,False,False,True,False,False,False,False,False
raging,False,False,False,False,False,True,False,False
rancorous,False,False,True,False,False,False,False,False
rapacious,False,False,True,False,False,False,False,False
rascally,False,False,True,False,False,False,False,False
rash,True,False,False,False,False,False,False,False
rational,False,False,False,False,False,False,False,True
raw,False,False,False,True,False,False,False,False
ready,False,False,False,False,False,False,False,True
real,False,False,False,True,False,False,False,False
realistic,False,False,False,False,False,False,False,True
reasonable,False,False,False,False,False,False,False,True
reassured,False,False,False,False,False,True,False,False
rebarbative,True,False,False,False,False,False,False,False
rebellious,False,False,False,False,False,True,False,False
receptive,False,True,False,True,False,False,False,False
recluse,True,False,False,False,False,False,False,False
redeeming,False,False,False,True,False,False,False,False
redemptive,False,False,False,True,False,False,False,False
refined,False,False,False,False,False,False,False,True
reformative,False,True,False,False,False,False,False,False
regulation,False,False,False,False,False,True,False,False
reliable,False,False,False,True,False,False,False,False
reliant,False,False,False,False,True,False,False,False
repellent,True,False,False,False,False,False,False,False
repulsive,True,False,True,False,False,False,False,False
reputable,False,False,False,True,False,False,False,False
resentful,False,False,True,False,False,False,False,False
reserved,True,False,False,False,False,False,False,False
resilient,False,False,False,False,False,True,False,False
resolute,False,False,False,False,False,True,False,False
respectable,False,True,False,True,False,False,False,False
respectful,False,False,False,True,False,False,False,False
responsible,False,False,False,True,False,False,False,False
responsive,False,True,False,False,False,False,False,False
restrained,False,False,False,False,True,False,False,False
retarded,False,False,False,False,False,False,True,False
reticent,True,False,False,False,True,False,False,False
retiring,False,False,False,False,True,False,False,False
revengeful,False,False,True,False,False,False,False,False
reverent,False,False,False,True,False,False,False,False
right,False,False,False,True,False,False,False,False
righteous,False,False,False,True,False,False,False,False
rightful,False,False,False,True,False,False,False,False
right-hand,False,True,False,False,False,False,False,False
romance,False,True,False,False,False,False,False,False
romantic,False,True,False,False,False,False,False,False
roomy,False,True,False,False,False,False,False,False
rotten,False,False,True,False,False,False,False,False
rough,True,False,False,False,False,False,True,False
roughshod,False,False,True,False,False,False,False,False
round,False,False,True,False,False,False,False,False
rubber,False,False,True,False,False,False,False,False
rusty,False,False,False,False,False,False,True,False
safe,False,False,False,False,True,False,False,False
sagacious,False,False,False,False,False,False,False,True
sage,False,False,False,False,False,False,False,True
satanic,False,False,True,False,False,False,False,False
satiate,False,False,True,False,False,False,False,False
saving,False,False,False,True,False,False,False,False
scattershot,False,False,False,False,False,False,True,False
scholarly,False,False,False,False,False,False,False,True
scholastic,False,False,False,False,False,False,False,True
scintillating,False,False,False,False,False,False,False,True
scrofulous,False,False,True,False,False,False,False,False
scrupulous,False,False,False,True,False,True,False,False
seamy,False,False,True,False,False,False,False,False
searching,False,False,False,False,False,False,False,True
secure,False,False,False,False,False,True,False,False
seedy,False,False,True,False,False,False,False,False
seeing,False,False,False,False,False,False,False,True
selective,False,False,False,False,False,False,False,True
selfish,False,False,True,False,False,False,False,False
self-serving,False,False,True,False,False,False,False,False
self-sufficient,False,False,False,False,False,True,False,False
semiliterate,False,False,False,False,False,False,False,True
sensible,False,False,False,False,False,False,False,True
sensitive,False,True,False,False,False,False,False,False
sentimental,False,True,False,False,False,False,False,False
separate,False,False,True,False,False,True,False,False
seraphic,False,False,False,True,False,False,False,False
seriocomic,False,True,False,False,False,False,False,False
serviceable,False,False,False,False,False,False,False,True
servile,False,False,False,False,True,False,False,False
set,False,False,False,False,False,True,False,True
sexist,False,False,True,False,False,False,False,False
shabby,False,False,True,False,False,False,False,False
shady,False,False,True,False,False,False,False,False
shakedown,False,False,True,False,False,False,False,False
shallow,False,False,True,False,False,False,False,False
sharp,True,False,True,False,False,False,False,True
shiftless,False,False,False,False,True,False,False,False
showy,False,False,True,False,False,False,False,False
shy,True,False,False,False,False,False,False,False
silent,True,False,False,False,False,False,False,False
simple,False,False,False,False,False,False,True,False
simple-minded,False,False,False,False,False,False,True,False
sincere,False,False,False,True,False,False,False,False
sinful,False,False,True,False,False,False,False,False
single-handed,False,False,False,False,False,True,False,False
sinister,False,False,True,False,False,False,False,False
sinning,False,False,True,False,False,False,False,False
skilled,False,False,False,False,False,False,False,True
slapstick,False,True,False,False,False,False,False,False
slavish,False,False,False,False,True,False,False,False
sleazy,False,False,True,False,False,False,False,False
slick,False,False,True,False,False,False,False,False
slippery,False,False,True,False,False,False,False,False
sloppy,False,False,False,False,False,False,True,False
slow,False,False,False,False,False,False,True,False
smart,False,False,False,False,False,False,False,True
smitten,False,True,False,False,False,False,False,False
smooth,False,False,False,False,False,False,False,True
smug,True,False,False,False,False,False,False,False
snappy,True,False,False,False,False,True,False,False
sneaky,False,False,True,False,False,False,False,False
snotty,True,False,False,False,False,False,False,False
sociable,False,True,False,False,False,False,False,False
social,False,True,False,False,False,False,False,False
socialized,False,True,False,False,False,False,False,False
sociopathic,False,False,True,False,False,False,False,False
soft,False,True,False,False,True,False,False,False
softhearted,False,False,False,True,False,False,False,False
sold-out,False,False,True,False,False,False,False,False
solid,False,False,False,True,False,False,False,False
sophisticated,False,False,False,False,False,False,False,True
sordid,False,False,True,False,False,False,False,False
soulless,True,False,False,False,False,False,False,False
sour,True,False,False,False,False,False,False,False
sovereign,False,False,False,False,False,True,False,False
spare,False,False,False,True,False,False,False,False
specious,False,False,True,False,False,False,False,False
spirited,False,False,False,False,False,True,False,False
spiritless,False,False,False,False,True,False,False,False
splashy,False,False,True,False,False,False,False,False
spoiled,True,False,False,False,False,False,False,False
spontaneous,False,False,False,False,False,True,False,False
sporting,False,True,False,False,False,False,False,False
sporty,False,False,False,True,False,False,False,True
square,False,False,False,True,False,False,False,False
stable,False,False,False,False,False,True,False,False
steadfast,False,False,False,False,False,True,False,False
steady,False,False,False,False,False,True,False,False
steadying,False,True,False,False,False,True,False,False
sterile,False,False,False,False,False,False,True,False
stern,True,False,False,False,False,False,False,False
stiff,False,False,False,False,False,True,False,False
stingy,False,False,True,False,False,False,False,False
straightforward,False,False,False,True,False,False,False,False
streetwise,False,False,False,False,False,False,False,True
strenuous,False,False,False,False,False,True,False,False
strong,False,False,False,False,False,True,False,False
stubborn,False,False,False,False,False,True,False,False
studious,False,False,False,False,False,False,False,True
stupid,False,False,False,False,False,False,True,False
subject,False,False,False,False,True,False,False,False
sublime,False,False,False,True,False,False,False,False
submissive,False,False,False,False,True,False,False,False
subservient,False,False,False,False,True,False,False,False
sulfurous,True,False,False,False,False,False,False,False
superb,False,False,False,True,False,False,False,False
supercilious,False,False,True,False,False,False,False,False
superstitious,False,False,False,False,False,False,True,False
supine,False,False,False,False,True,False,False,False
supportive,False,True,False,False,False,False,False,False
suppressive,False,False,True,False,False,False,False,False
supreme,False,False,False,False,False,True,False,False
sure,False,False,False,False,False,True,False,False
surefooted,False,False,False,False,False,False,False,True
surly,True,False,False,False,False,False,False,False
susceptible,False,False,False,False,True,False,False,False
sustained,False,False,False,False,False,True,False,False
sweet,False,True,False,False,False,False,False,False
sweetheart,False,True,False,False,False,False,False,False
swingeing,False,False,True,False,False,False,False,False
symbiotic,False,False,False,False,True,False,False,False
sympathetic,False,True,False,False,False,False,False,False
synthetic,False,False,False,False,False,False,False,True
taboo,False,False,True,False,False,False,False,False
tactical,False,False,False,False,False,False,False,True
tactless,True,False,False,False,False,False,True,False
talented,False,False,False,False,False,False,False,True
technical,False,False,False,False,False,False,False,True
tender,False,True,False,False,False,False,False,False
tenderhearted,False,True,False,True,False,False,False,False
tense,True,False,False,False,False,False,False,False
tested,False,False,False,True,False,False,False,False
thick,False,False,False,False,False,False,True,False
thieving,False,False,True,False,False,False,False,False
thorough,False,False,False,False,False,False,False,True
thoughtful,False,True,False,False,False,False,False,False
thoughtless,True,False,False,False,False,False,True,False
threatened,False,False,True,False,True,False,False,False
tidy,False,False,False,False,False,False,False,True
tigerish,False,False,True,False,False,False,False,False
tight,False,False,True,False,False,False,False,False
timid,True,False,False,False,True,False,False,False
tolerant,False,False,False,True,False,False,False,False
tough,True,False,False,False,False,True,False,False
touristed,False,True,False,False,False,False,False,False
tragicomic,False,True,False,False,False,False,False,False
treacherous,False,False,True,False,False,False,False,False
troubled,False,False,False,False,True,False,False,False
troublesome,False,False,True,False,False,False,False,False
truant,False,False,True,False,False,False,False,False
true-blue,False,False,False,True,False,False,False,False
trustful,False,True,False,False,False,False,False,False
trustworthy,False,False,False,True,False,False,False,False
truthful,False,False,False,True,False,False,False,False
trying,False,False,False,False,False,True,False,False
unable,False,False,False,False,False,False,True,False
unaccommodating,True,False,False,False,False,False,False,False
unaccountable,False,False,True,False,False,False,False,False
unadventurous,False,False,False,False,True,False,False,False
unadvised,False,False,False,False,False,False,True,False
unaffected,True,False,False,False,False,False,False,False
unaffiliated,False,False,False,False,False,True,False,False
unafraid,False,False,False,False,False,True,False,False
unaggressive,False,True,False,False,True,False,False,False
unambitious,False,False,False,False,True,False,False,False
unappealing,True,False,False,False,False,False,False,False
unassailable,False,False,False,False,False,True,False,False
unassertive,False,False,False,False,True,False,False,False
unaware,False,False,False,False,True,False,False,False
unbroken,False,False,False,False,False,True,False,False
uncertain,False,False,False,False,True,False,False,False
uncharitable,False,False,True,False,False,False,False,False
unchaste,False,False,True,False,False,False,False,False
uncivil,True,False,False,False,False,False,False,False
uncompassionate,True,False,True,False,False,False,False,False
uncompetitive,False,False,False,False,False,False,True,False
unconditional,False,False,False,False,False,True,False,False
uncongenial,True,False,False,False,False,False,False,False
unconquerable,False,False,False,False,False,True,False,False
unconstructive,True,False,False,False,False,False,False,False
uncontrolled,False,False,False,False,True,False,False,False
uncool,False,False,True,False,False,False,False,False
uncooperative,True,False,True,False,False,False,False,False
uncoordinated,False,False,False,False,False,False,True,False
uncorrupted,False,False,False,True,False,False,False,False
uncreative,False,False,False,False,False,False,True,False
uncritical,False,False,False,False,False,False,True,False
undedicated,False,False,False,False,True,False,False,False
undependable,False,False,True,False,False,False,False,False
undereducated,False,False,False,False,False,False,True,False
underhand,False,False,True,False,False,False,False,False
understanding,False,True,False,False,False,False,False,True
undetermined,False,False,False,False,True,False,False,False
undeveloped,False,False,False,False,False,False,True,False
undeviating,False,False,False,True,False,False,False,False
undisciplined,False,False,False,False,True,False,False,False
undiscriminating,False,False,False,False,False,False,True,False
uneasy,False,False,False,False,True,False,False,False
uneducated,False,False,False,False,False,False,True,False
unenlightened,False,False,False,False,False,False,True,False
unenthusiastic,True,False,False,False,False,False,False,False
unethical,False,False,True,False,False,False,False,False
unfair,False,False,True,False,False,False,False,False
unfaithful,False,False,True,False,False,False,False,False
unfit,False,False,False,False,False,False,True,False
unfocused,False,False,False,False,True,False,False,False
unforgiving,False,False,True,False,False,False,False,False
unfree,False,False,False,False,True,False,False,False
unfriendly,True,False,False,False,False,False,False,False
unfunny,True,False,False,False,False,False,False,False
ungenerous,False,False,True,False,False,False,False,False
ungracious,True,False,False,False,False,False,False,False
ungrateful,True,False,False,False,False,False,False,False
unguarded,False,False,False,False,True,False,False,False
unhappy,True,False,False,False,False,False,False,False
unhelpful,True,False,True,False,False,False,False,False
unholy,False,False,True,False,False,False,False,False
unimaginative,False,False,False,False,False,False,True,False
uninformed,False,False,False,False,False,False,True,False
uninspired,False,False,False,False,False,False,True,False
unintelligent,False,False,False,False,False,False,True,False
unintended,False,False,False,False,True,False,False,False
uninteresting,True,False,False,False,False,False,False,False
uninterrupted,False,False,False,False,False,True,False,False
unjust,False,False,True,False,False,False,False,False
unkind,False,False,True,False,False,False,False,False
unkindly,False,False,True,False,False,False,False,False
unlawful,False,False,True,False,False,False,False,False
unlearned,False,False,False,False,False,False,True,False
unlikable,True,False,False,False,False,False,False,False
unloving,True,False,False,False,False,False,False,False
unmannered,True,False,False,False,False,False,False,False
unmotivated,False,False,False,False,True,False,False,False
unnatural,False,False,True,False,False,False,False,False
unneighborly,True,False,False,False,False,False,False,False
unoriginal,False,False,False,False,False,False,True,False
unpalatable,True,False,False,False,False,False,False,False
unparliamentary,True,False,False,False,False,False,False,False
unpatriotic,False,False,True,False,False,False,False,False
unpeaceful,False,False,True,False,False,False,False,False
unpleasant,True,False,False,False,False,False,False,False
unpopular,True,False,False,False,False,False,False,False
unprejudiced,False,False,False,True,False,False,False,False
unpremeditated,False,False,False,False,False,True,False,False
unprincipled,False,False,True,False,False,False,False,False
unproductive,False,False,False,False,False,False,True,False
unprotected,False,False,False,False,True,False,False,False
unpunctual,False,False,False,False,True,False,False,False
unqualified,False,False,False,False,False,False,True,False
unquiet,False,False,False,False,False,True,False,False
unreal,False,False,True,False,False,False,False,False
unreasonable,False,False,False,False,False,False,True,False
unrefined,True,False,False,False,False,False,False,False
unreformable,False,False,True,False,False,False,False,False
unreliable,False,False,True,False,False,False,False,False
unreserved,False,True,False,False,False,False,False,False
unrespectable,False,False,True,False,False,False,False,False
unresponsive,True,False,False,False,False,False,False,False
unrighteous,False,False,True,False,False,False,False,False
unscholarly,False,False,False,False,False,False,True,False
unschooled,False,False,False,False,False,False,True,False
unscrupulous,False,False,True,False,False,False,False,False
unselective,False,False,False,False,False,False,True,False
unselfish,False,False,False,True,False,False,False,False
unskilled,False,False,False,False,False,False,True,False
unsociable,True,False,False,False,False,False,False,False
unsocial,True,False,False,False,False,False,False,False
unsophisticated,False,False,False,False,False,False,True,False
unsound,False,False,True,False,False,False,False,False
unsparing,False,False,False,True,False,False,False,False
unstable,False,False,False,False,True,False,False,False
unstudied,False,False,False,False,False,False,True,False
unsuitable,False,False,True,False,False,False,False,False
unsupportive,True,False,False,False,False,False,False,False
unsweet,True,False,False,False,False,False,False,False
unsympathetic,True,False,False,False,False,False,False,False
untidy,False,False,False,False,False,False,True,False
untroubled,False,False,False,False,False,True,False,False
untrue,False,False,True,False,False,False,False,False
untrustworthy,False,False,True,False,False,False,False,False
untruthful,False,False,True,False,False,False,False,False
unwieldy,False,False,False,False,False,False,True,False
unwise,False,False,False,False,False,False,True,False
unwitting,False,False,False,False,False,False,True,False
unworldly,False,False,False,False,False,False,True,False
unworthy,False,False,True,False,False,False,False,False
unyielding,False,False,False,False,False,True,False,False
upfront,False,False,False,False,False,True,False,False
upright,False,False,False,True,False,False,False,False
upstage,True,False,False,False,False,False,False,False
upstanding,False,False,False,True,False,False,False,False
useful,False,False,False,False,False,False,False,True
useless,False,False,False,False,False,False,True,False
uxorious,False,True,False,False,False,False,False,False
vacuous,False,False,True,False,False,False,True,False
venerable,False,False,False,True,False,False,False,False
veracious,False,False,False,True,False,False,False,False
verminous,False,False,True,False,False,False,False,False
versatile,False,False,False,False,False,False,False,True
vestal,False,False,False,True,False,False,False,False
vigorous,False,False,False,False,False,True,False,False
violent,False,False,True,False,False,True,False,False
virgin,False,False,False,True,False,False,False,False
virginal,False,False,False,True,False,False,False,False
virtuous,False,False,False,True,False,False,False,False
virulent,True,False,False,False,False,False,False,False
visceral,False,False,False,False,False,False,True,False
vulnerable,False,False,False,False,True,False,False,False
waggish,False,True,False,False,False,False,False,False
walk-in,False,False,True,False,False,False,False,False
warlike,False,False,True,False,False,False,False,False
warm,False,True,False,False,False,False,False,False
warmhearted,False,True,False,False,False,False,False,False
welcoming,False,True,False,False,False,False,False,False
well-meaning,False,False,False,True,False,False,False,False
welsh,False,False,True,False,False,False,False,False
wholesome,False,False,False,True,False,False,False,False
wicked,False,False,True,False,False,False,False,False
wildcat,False,False,True,False,False,False,False,False
wintry,True,False,False,False,False,False,False,False
wise,False,False,False,False,False,False,False,True
witty,False,True,False,False,False,False,False,False
working,False,False,False,False,False,True,False,False
workmanlike,False,False,False,False,False,False,False,True
worldly,False,False,False,False,False,False,False,True
worse,False,False,True,False,False,False,False,False
worst,False,False,True,False,False,False,False,False
worthless,False,False,True,False,False,False,False,False
worthy,False,False,False,True,False,False,False,False
wound,False,False,True,False,False,False,False,False
wrong,False,False,True,False,False,False,False,False
wrongful,False,False,True,False,False,False,False,False
xenophobic,False,False,True,False,False,False,False,False
yeasty,False,False,False,False,False,False,False,True
